{
  "current-scene": "97a1c778-0d24-4ee3-85d9-76b7dedebf95",
  "gizmos-infos": {
    "iconGizmoSize": 2,
    "isGridVisible": true,
    "isIconGizmo3D": false
  },
  "camera-infos": {
    "97a1c778-0d24-4ee3-85d9-76b7dedebf95": {
      "position": {
        "x": 94.39722129958211,
        "y": 10.622676391458285,
        "z": 18.00311081068373
      },
      "rotation": {
        "w": 0.8922245750174744,
        "x": -0.06665326383880278,
        "y": 0.4454048780308136,
        "z": 0.03327378519012005
      },
      "viewCenter": {
        "x": 31.18270465516035,
        "y": -1.260934885244268,
        "z": -29.53323658617509
      }
    },
    "f46876e4-e81b-4931-b493-6d367be385e7": {
      "position": {
        "x": 89.16338044510924,
        "y": 42.07968318645737,
        "z": 69.96485398775647
      },
      "rotation": {
        "w": 0.9799670082845539,
        "x": -0.034300447038021493,
        "y": 0.19606388582685602,
        "z": 0.00686255646875818
      },
      "viewCenter": {
        "x": 60,
        "y": 36.7669527602814,
        "z": 0
      }
    }
  },
  "camera-uuids": [
    "97a1c778-0d24-4ee3-85d9-76b7dedebf95"
  ]
}
