{
  "current-scene": "9cf954c7-a1f1-4374-b4f5-3ed5eb59e188",
  "gizmos-infos": {
    "gridColor": [
      150,
      150,
      150,
      255
    ],
    "gridVisible": true,
    "iconGizmoSize": 2,
    "iconSize": 2,
    "is2D": false,
    "is3DIcon": false,
    "isGridVisible": true,
    "isIconGizmo3D": false
  },
  "camera-infos": {
    "9cf954c7-a1f1-4374-b4f5-3ed5eb59e188": {
      "position": {
        "x": 199.61981731448023,
        "y": 111.42207516450355,
        "z": 150.62697450798441
      },
      "rotation": {
        "w": 0.8389484279405658,
        "x": -0.19306714765531874,
        "y": 0.4958522154854194,
        "z": 0.11411043839410166
      },
      "viewCenter": {
        "x": -0.009410799862220376,
        "y": 0.6757013706739232,
        "z": 40.74184095139429
      }
    },
    "f46876e4-e81b-4931-b493-6d367be385e7": {
      "position": {
        "x": -474.4332535842178,
        "y": 597.3054052573692,
        "z": -608.6184706190256
      },
      "rotation": {
        "w": -0.31437017541872414,
        "x": 0.05293525624777837,
        "y": 0.9346655047573147,
        "z": 0.15738375287791584
      },
      "viewCenter": {
        "x": 88.47360723160546,
        "y": 274.4619757142185,
        "z": 133.51556558749508
      }
    }
  },
  "camera-uuids": [
    "9cf954c7-a1f1-4374-b4f5-3ed5eb59e188"
  ],
  "float-window": {
    "position": {
      "cc": {
        "CameraComponent": {
          "bottom": 10,
          "dock": false,
          "left": null,
          "right": 10,
          "top": null
        },
        "ParticleSystemComponent": {
          "bottom": 10,
          "dock": false,
          "left": null,
          "right": 10,
          "top": null
        },
        "Camera": {
          "bottom": 10,
          "dock": false,
          "left": null,
          "right": 10,
          "top": null
        },
        "ParticleSystem": {
          "bottom": 10,
          "dock": false,
          "left": null,
          "right": 10,
          "top": null
        }
      }
    }
  },
  "__version__": "1.0.0"
}
