{
  "current-scene": "7f4226c1-92cd-4ae7-b15a-b2fcf018ab5f",
  "gizmos-infos": {
    "iconGizmoSize": 2,
    "isGridVisible": true,
    "isIconGizmo3D": false
  },
  "camera-infos": {
    "f46876e4-e81b-4931-b493-6d367be385e7": {
      "position": {
        "x": 6.229872681027667,
        "y": 3.675280618003291,
        "z": 5.077383411734171
      },
      "rotation": {
        "w": 0.9575704268957633,
        "x": -0.2879597739397669,
        "y": 0.011251561987729367,
        "z": 0.0033835602640311254
      },
      "viewCenter": {
        "x": 6.056659765897651,
        "y": -1.1991519607752155,
        "z": -2.29228958485547
      }
    }
  },
  "camera-uuids": [
    "f46876e4-e81b-4931-b493-6d367be385e7"
  ]
}
