{
  "current-scene": "7f4226c1-92cd-4ae7-b15a-b2fcf018ab5f",
  "gizmos-infos": {
    "gridColor": [
      150,
      150,
      150,
      255
    ],
    "gridVisible": true,
    "iconGizmoSize": 2,
    "iconSize": 2,
    "is2D": false,
    "is3DIcon": false,
    "isGridVisible": true,
    "isIconGizmo3D": false
  },
  "camera-infos": {
    "7f4226c1-92cd-4ae7-b15a-b2fcf018ab5f": {
      "position": {
        "x": 9.048112206696956,
        "y": 7.046719937562437,
        "z": 7.051175885438412
      },
      "rotation": {
        "w": 0.8804762392171493,
        "x": -0.27984814233312133,
        "y": 0.3647051996310009,
        "z": 0.11591689595929514
      },
      "viewCenter": {
        "x": 3.1904431343078614,
        "y": 1.1890508651733398,
        "z": 1.1935068130493165
      }
    },
    "f46876e4-e81b-4931-b493-6d367be385e7": {
      "position": {
        "x": 6.229872681027667,
        "y": 3.675280618003291,
        "z": 5.077383411734171
      },
      "rotation": {
        "w": 0.9575704268957633,
        "x": -0.2879597739397669,
        "y": 0.011251561987729367,
        "z": 0.0033835602640311254
      },
      "viewCenter": {
        "x": 6.056659765897651,
        "y": -1.1991519607752155,
        "z": -2.29228958485547
      }
    }
  },
  "camera-uuids": [
    "7f4226c1-92cd-4ae7-b15a-b2fcf018ab5f"
  ],
  "__version__": "1.0.0"
}
