{
  "current-scene": "cc8b1ef6-f916-417a-8190-455f3e8d1f6b",
  "gizmos-infos": {
    "gridColor": [
      150,
      150,
      150,
      255
    ],
    "gridVisible": true,
    "iconGizmoSize": 2,
    "iconSize": 2,
    "is2D": false,
    "is3DIcon": false,
    "isGridVisible": true,
    "isIconGizmo3D": false
  },
  "camera-infos": {
    "cc8b1ef6-f916-417a-8190-455f3e8d1f6b": {
      "position": {
        "x": -0.9384503391082033,
        "y": 4.752315914185981,
        "z": -11.92782039130498
      },
      "rotation": {
        "w": -0.009824139607733984,
        "x": 0.002045092661362342,
        "y": 0.9789630127788522,
        "z": 0.20379088175854942
      },
      "viewCenter": {
        "x": -0.7020210075860168,
        "y": -0.3748260309002758,
        "z": -0.1490656651248834
      }
    },
    "f46876e4-e81b-4931-b493-6d367be385e7": {
      "position": {
        "x": 50,
        "y": 50,
        "z": 50
      },
      "rotation": {
        "w": 0.8804762392171493,
        "x": -0.27984814233312133,
        "y": 0.3647051996310009,
        "z": 0.11591689595929514
      },
      "viewCenter": {
        "x": 0,
        "y": 0,
        "z": 0
      }
    }
  },
  "camera-uuids": [
    "cc8b1ef6-f916-417a-8190-455f3e8d1f6b"
  ],
  "__version__": "1.0.0",
  "float-window": {
    "position": {
      "cc": {
        "Camera": {
          "bottom": 10,
          "dock": false,
          "left": null,
          "right": 10,
          "top": null
        }
      }
    }
  }
}
