{
  "current-scene": "0298cd6c-f5e4-40ff-9749-130925342913",
  "gizmos-infos": {
    "iconGizmoSize": 2,
    "isGridVisible": true,
    "isIconGizmo3D": false
  },
  "camera-infos": {
    "0298cd6c-f5e4-40ff-9749-130925342913": {
      "position": {
        "x": 31.974895227253167,
        "y": 31.97489522725317,
        "z": 31.974895227253178
      },
      "rotation": {
        "w": 0.8804762392171493,
        "x": -0.27984814233312133,
        "y": 0.3647051996310009,
        "z": 0.11591689595929514
      },
      "viewCenter": {
        "x": 0,
        "y": 0,
        "z": 0
      }
    },
    "f46876e4-e81b-4931-b493-6d367be385e7": {
      "position": {
        "x": 2.589700441960402,
        "y": 2.5897004419604155,
        "z": 2.5897004419604293
      },
      "rotation": {
        "w": 0.8804762392171493,
        "x": -0.27984814233312133,
        "y": 0.3647051996310009,
        "z": 0.11591689595929514
      },
      "viewCenter": {
        "x": 0,
        "y": 0,
        "z": 0
      }
    }
  },
  "camera-uuids": [
    "0298cd6c-f5e4-40ff-9749-130925342913"
  ]
}
